<?xml version="1.0" encoding="UTF-8"?>
<root>
  <item name="com.github.piasy.rxandroidaudio.AudioRecorder.Error">
    <annotation name="android.support.annotation.IntDef">
      <val name="value" val="{com.github.piasy.rxandroidaudio.AudioRecorder.ERROR_SDCARD_ACCESS, com.github.piasy.rxandroidaudio.AudioRecorder.ERROR_INTERNAL, com.github.piasy.rxandroidaudio.AudioRecorder.ERROR_NOT_PREPARED}" />
    </annotation>
  </item>
  <item name="com.github.piasy.rxandroidaudio.AudioRecorder.OnErrorListener void onError(int) 0">
    <annotation name="android.support.annotation.IntDef">
      <val name="value" val="{com.github.piasy.rxandroidaudio.AudioRecorder.ERROR_SDCARD_ACCESS, com.github.piasy.rxandroidaudio.AudioRecorder.ERROR_INTERNAL, com.github.piasy.rxandroidaudio.AudioRecorder.ERROR_NOT_PREPARED}" />
    </annotation>
  </item>
  <item name="com.github.piasy.rxandroidaudio.PlayConfig mType">
    <annotation name="android.support.annotation.IntDef">
      <val name="value" val="{com.github.piasy.rxandroidaudio.PlayConfig.TYPE_FILE, com.github.piasy.rxandroidaudio.PlayConfig.TYPE_RES, com.github.piasy.rxandroidaudio.PlayConfig.TYPE_URL}" />
    </annotation>
  </item>
  <item name="com.github.piasy.rxandroidaudio.PlayConfig.Builder mType">
    <annotation name="android.support.annotation.IntDef">
      <val name="value" val="{com.github.piasy.rxandroidaudio.PlayConfig.TYPE_FILE, com.github.piasy.rxandroidaudio.PlayConfig.TYPE_RES, com.github.piasy.rxandroidaudio.PlayConfig.TYPE_URL}" />
    </annotation>
  </item>
  <item name="com.github.piasy.rxandroidaudio.PlayConfig.Type">
    <annotation name="android.support.annotation.IntDef">
      <val name="value" val="{com.github.piasy.rxandroidaudio.PlayConfig.TYPE_FILE, com.github.piasy.rxandroidaudio.PlayConfig.TYPE_RES, com.github.piasy.rxandroidaudio.PlayConfig.TYPE_URL}" />
    </annotation>
  </item>
</root>

